review,sentiment
"Absolutely fantastic product! Highly recommend.",positive
"Not worth even half the price.",negative
"Received the product today. Yet to try it.",neutral
"Great packaging and arrived intact.",positive
"Product is okay, nothing special.",neutral
"Stopped working after a few days.",negative
"Five stars! Works beautifully.",positive
"Didn't meet expectations. Very disappointed.",negative
"Neutral feeling. Didn't love or hate it.",neutral
"Feels like a premium product.",positive
"Looks good but doesn’t perform well.",negative
"Decent product. Average performance.",neutral
"Excellent build quality. Feels solid.",positive
"Returned it immediately. Not worth it.",negative
"Not bad, just not exciting.",neutral
"Runs smoothly and quietly.",positive
"Poor quality and badly packed.",negative
"Just received it, can't say much yet.",neutral
"Reliable and sturdy device.",positive
"Much smaller than expected.",negative
"Build is fine, performance is yet to be tested.",neutral
"User-friendly and performs well.",positive
"Broke after first use. Waste of money.",negative
"Packaging is fine, haven’t tested the item yet.",neutral
"Great design and easy setup.",positive
"Disappointing experience overall.",negative
"It's okay, not great, not terrible.",neutral
"Top-notch product! Very happy.",positive
"Misleading product description.",negative
"Average item. Nothing new to add.",neutral
"Fast delivery and works perfectly.",positive
"Overpriced and underperforming.",negative
"So far it looks fine.",neutral
"Highly recommend to everyone.",positive
"Defective piece received.",negative
"Neutral experience. Might try again.",neutral
"Amazing sound quality and design.",positive
"Extremely slow and buggy.",negative
"I feel indifferent about this.",neutral
"Smooth setup and great performance.",positive
"Doesn't work at all. Very poor.",negative
"Too soon to comment on performance.",neutral
"Perfect fit and very comfortable.",positive
"Not compatible with my device.",negative
"Neither good nor bad, just fine.",neutral
"Good product, meets all expectations.",positive
"Battery drains too quickly.",negative
"Undecided. Need more time to judge.",neutral
"Truly a great find!",positive
"Broke down after one week.",negative
"Service was fine, product okay.",neutral
"A joy to use!",positive
"Terrible customer support.",negative
"Looks stylish but haven’t used it yet.",neutral
"Excellent quality and affordable price.",positive
"Arrived late and missing parts.",negative
"Just tried it. So far so good.",neutral
"Love it! Would buy again.",positive
"Unreliable and frustrating to use.",negative
"Feels average. Nothing special.",neutral
"Very efficient and fast.",positive
"Not working as expected.",negative
"Unboxing experience was decent.",neutral
"Feels luxurious and premium.",positive
"Terrible experience. Regret buying.",negative
"Neutral first impression.",neutral
"Great features and affordable.",positive
"Not worth the money.",negative
"Packaging looks good.",neutral
"Reliable and user-friendly.",positive
"Misleading information online.",negative
"Still testing the product.",neutral
"Perfectly suits my daily needs.",positive
"Buttons are unresponsive.",negative
"No strong opinion yet.",neutral
"Build quality is impressive.",positive
"Too many glitches.",negative
"Average user experience.",neutral
"Very happy with this purchase.",positive
"Doesn't live up to the hype.",negative
"Yet to explore all features.",neutral
"Feels solid and well-made.",positive
"Functionality is lacking.",negative
"Color and look are nice.",neutral
"Very convenient and useful.",positive
"Broke soon after arrival.",negative
"Just received it. Looks okay.",neutral
"Works flawlessly every time.",positive
"Does not match the description.",negative
"First impression is okay.",neutral
"Everything works perfectly.",positive
"Feels like a scam.",negative
"Setup process was smooth.",positive
"Very poor performance.",negative
